{
  "use_warm": false,
  "status": 2,
  "objective": 1208.0,
  "bases": 10,
  "covered_points": 250,
  "total_risk": 3252.0,
  "covered_risk": 1208.0,
  "risk_coverage_ratio": 0.3714637146371464,
  "risk_coverage_percent": 37.14637146371464,
  "runtime_seconds": 0.12702083587646484,
  "solution_ids": [
    59,
    95,
    165,
    203,
    287,
    332,
    459,
    478,
    583,
    603
  ],
  "covered_ids": [
    7,
    8,
    9,
    10,
    11,
    32,
    33,
    34,
    35,
    36,
    43,
    44,
    45,
    46,
    47,
    57,
    58,
    59,
    60,
    61,
    68,
    69,
    70,
    71,
    72,
    82,
    83,
    84,
    85,
    86,
    93,
    94,
    95,
    96,
    97,
    107,
    108,
    109,
    110,
    111,
    113,
    114,
    115,
    116,
    117,
    118,
    119,
    120,
    121,
    122,
    138,
    139,
    140,
    141,
    142,
    143,
    144,
    145,
    146,
    147,
    151,
    152,
    153,
    154,
    155,
    163,
    164,
    165,
    166,
    167,
    176,
    177,
    178,
    179,
    180,
    188,
    189,
    190,
    191,
    192,
    201,
    202,
    203,
    204,
    205,
    213,
    214,
    215,
    216,
    217,
    226,
    227,
    228,
    229,
    230,
    235,
    236,
    237,
    238,
    239,
    251,
    252,
    253,
    254,
    255,
    260,
    261,
    262,
    263,
    264,
    280,
    281,
    282,
    283,
    284,
    285,
    286,
    287,
    288,
    289,
    305,
    306,
    307,
    308,
    309,
    310,
    311,
    312,
    313,
    314,
    330,
    331,
    332,
    333,
    334,
    335,
    336,
    337,
    338,
    339,
    355,
    356,
    357,
    358,
    359,
    380,
    381,
    382,
    383,
    384,
    407,
    408,
    409,
    410,
    411,
    426,
    427,
    428,
    429,
    430,
    432,
    433,
    434,
    435,
    436,
    451,
    452,
    453,
    454,
    455,
    457,
    458,
    459,
    460,
    461,
    476,
    477,
    478,
    479,
    480,
    482,
    483,
    484,
    485,
    486,
    501,
    502,
    503,
    504,
    505,
    507,
    508,
    509,
    510,
    511,
    526,
    527,
    528,
    529,
    530,
    531,
    532,
    533,
    534,
    535,
    551,
    552,
    553,
    554,
    555,
    556,
    557,
    558,
    559,
    560,
    576,
    577,
    578,
    579,
    580,
    581,
    582,
    583,
    584,
    585,
    601,
    602,
    603,
    604,
    605,
    606,
    607,
    608,
    609,
    610,
    626,
    627,
    628,
    629,
    630,
    631,
    632,
    633,
    634,
    635,
    651,
    652,
    653,
    654,
    655
  ],
  "R_max": 1491.7974894520162,
  "Autonomy": 5400,
  "Speed": 17,
  "theta": 0.2,
  "W": 112,
  "eta": 0.85,
  "cost_per_base": 80000,
  "Budget": 850000
}