{
  "budget": 850000,
  "cost_per_base": 80000,
  "etas": [
    0.6,
    0.65,
    0.7,
    0.75,
    0.8,
    0.85,
    0.9,
    0.95,
    1.0
  ],
  "min_risk_coverage_percent": 31.580565805658058,
  "max_risk_coverage_percent": 51.7220172201722,
  "min_rmax": 1253.360588329586,
  "max_rmax": 1618.081561797739
}